m,17.27574750830565,17.60797342192691,17.940199335548172,15.282392026578073,13.621262458471762,3.3222591362126246,7.308970099667774,7.641196013289036,25.45103092783505,24.548969072164947,29.44587628865979,20.554123711340203,56.06060606060606,7.575757575757576,12.121212121212121,24.242424242424242,21
m,17.279411764705884,17.279411764705884,18.014705882352942,16.176470588235297,13.602941176470589,2.573529411764706,6.98529411764706,8.088235294117649,27.94117647058824,22.058823529411768,26.160990712074305,23.8390092879257,59.64912280701754,5.263157894736842,7.017543859649122,28.07017543859649,21
m,17.0,17.666666666666664,18.0,15.333333333333332,12.0,2.333333333333333,8.0,9.666666666666666,24.240506329113927,25.759493670886076,28.860759493670887,21.139240506329116,50.746268656716424,5.970149253731344,10.447761194029852,32.83582089552239,21
m,16.05839416058394,17.153284671532848,17.153284671532848,14.598540145985401,13.86861313868613,5.474452554744525,8.02919708029197,7.664233576642336,27.323162274618586,22.676837725381414,26.56033287101248,23.439667128987516,60.0,6.0,12.0,22.0,21
m,14.239482200647249,15.210355987055015,17.79935275080906,16.504854368932037,15.210355987055015,6.796116504854369,8.414239482200648,5.825242718446602,25.095057034220535,24.90494296577947,30.481622306717366,19.518377693282638,50.746268656716424,7.462686567164179,25.373134328358212,16.417910447761194,21
m,17.48878923766816,18.385650224215247,18.385650224215247,16.143497757847534,14.349775784753364,2.690582959641256,6.278026905829597,6.278026905829597,26.822157434402335,23.17784256559767,26.676384839650147,23.323615160349856,60.0,6.0,10.0,24.0,21
m,12.727272727272728,14.181818181818182,17.81818181818182,17.81818181818182,17.454545454545453,8.727272727272727,8.0,3.272727272727273,25.93103448275862,24.068965517241377,28.75862068965517,21.241379310344826,53.44827586206896,6.896551724137931,29.310344827586206,10.344827586206897,21
m,16.470588235294116,16.862745098039216,18.431372549019606,15.294117647058822,14.509803921568627,4.705882352941177,7.8431372549019605,5.88235294117647,26.710334788937406,23.28966521106259,28.457059679767102,21.542940320232894,51.61290322580645,8.064516129032258,16.129032258064516,24.193548387096772,21
m,16.751269035532992,17.258883248730964,18.274111675126903,17.76649746192893,16.751269035532992,3.5532994923857864,5.0761421319796955,4.568527918781726,27.089783281733748,22.910216718266255,25.61919504643963,24.38080495356037,70.73170731707317,4.878048780487805,9.75609756097561,14.634146341463413,21
m,13.694267515923567,14.64968152866242,17.197452229299362,15.92356687898089,15.605095541401273,8.280254777070063,8.9171974522293,5.732484076433121,25.618631732168847,24.38136826783115,28.966521106259094,21.033478893740902,54.3859649122807,7.017543859649122,28.07017543859649,10.526315789473683,21
m,14.173228346456694,15.748031496062993,17.716535433070867,17.716535433070867,17.322834645669293,7.480314960629921,6.692913385826772,3.1496062992125986,28.380281690140848,21.619718309859156,29.366197183098592,20.633802816901408,59.25925925925926,7.407407407407407,22.22222222222222,11.11111111111111,21
m,15.677966101694915,16.94915254237288,17.796610169491526,16.101694915254235,16.101694915254235,5.932203389830509,6.779661016949152,4.661016949152542,24.81536189069424,25.184638109305762,29.98522895125554,20.01477104874446,62.50000000000001,6.25,20.833333333333336,10.416666666666668,21
m,14.728682170542637,15.503875968992249,17.829457364341085,16.27906976744186,15.891472868217056,6.589147286821706,8.13953488372093,5.038759689922481,24.2603550295858,25.7396449704142,31.065088757396452,18.93491124260355,51.66666666666667,8.333333333333334,23.333333333333336,16.666666666666668,21
m,17.51152073732719,18.433179723502306,18.433179723502306,17.05069124423963,14.746543778801843,2.3041474654377883,5.529953917050691,5.990783410138249,27.379095163806554,22.62090483619345,27.30109204368175,22.698907956318255,62.0,6.0,10.0,22.0,21
m,17.346938775510203,17.346938775510203,16.666666666666668,14.625850340136054,14.285714285714285,5.1020408163265305,7.142857142857142,7.482993197278911,26.263297872340424,23.736702127659573,28.98936170212766,21.01063829787234,65.38461538461539,7.6923076923076925,9.615384615384615,17.307692307692307,21
m,17.322834645669293,17.716535433070867,18.50393700787402,15.748031496062993,14.173228346456694,2.7559055118110236,6.692913385826772,7.086614173228347,24.46675031367629,25.533249686323717,27.289836888331244,22.71016311166876,58.92857142857143,5.357142857142858,10.714285714285715,25.0,21
m,17.374517374517374,17.760617760617762,17.760617760617762,15.83011583011583,13.127413127413128,2.3166023166023164,6.94980694980695,8.880308880308881,23.72060857538036,26.279391424619643,28.423236514522824,21.57676348547718,58.18181818181818,5.454545454545454,7.2727272727272725,29.09090909090909,21
m,17.293233082706767,17.669172932330827,18.421052631578945,15.789473684210526,13.533834586466165,2.631578947368421,7.142857142857142,7.518796992481203,26.426630434782606,23.57336956521739,29.95923913043478,20.040760869565215,56.89655172413793,5.172413793103448,10.344827586206897,27.586206896551722,21
m,15.613382899628252,15.985130111524162,17.100371747211895,16.356877323420072,14.126394052044608,4.83271375464684,7.806691449814126,8.178438661710036,24.69418960244648,25.305810397553515,29.58715596330275,20.412844036697248,56.60377358490566,7.547169811320755,9.433962264150944,26.41509433962264,21
m,15.129151291512915,16.605166051660518,18.081180811808117,16.974169741697416,15.498154981549815,5.535055350553505,7.011070110701107,5.166051660516605,24.686716791979947,25.31328320802005,28.82205513784461,21.17794486215539,55.73770491803279,6.557377049180328,19.672131147540984,18.0327868852459,21
m,18.359375,18.75,18.359375,16.015625,14.0625,1.5625,5.859375,7.03125,25.184094256259204,24.815905743740796,28.571428571428573,21.42857142857143,61.01694915254237,6.779661016949152,6.779661016949152,25.423728813559322,21
m,16.666666666666664,17.708333333333332,17.708333333333332,15.277777777777777,12.152777777777777,3.125,7.986111111111111,9.375,25.8273381294964,24.172661870503596,29.424460431654676,20.575539568345324,50.79365079365079,6.349206349206349,11.11111111111111,31.746031746031743,21
m,15.018315018315016,16.483516483516482,17.94871794871795,16.84981684981685,15.018315018315016,5.4945054945054945,7.326007326007326,5.86080586080586,26.903553299492383,23.096446700507613,30.901015228426395,19.0989847715736,54.09836065573771,6.557377049180328,19.672131147540984,19.672131147540984,21
m,17.32851985559567,18.050541516245488,17.32851985559567,14.44043321299639,13.357400722021662,3.9711191335740077,7.581227436823105,7.942238267148015,26.80151706700379,23.198482932996203,28.887484197218708,21.11251580278129,56.89655172413793,6.896551724137931,8.620689655172413,27.586206896551722,21
m,17.30769230769231,18.076923076923077,17.692307692307693,15.384615384615385,13.461538461538462,3.4615384615384617,6.923076923076923,7.6923076923076925,28.22822822822823,21.77177177177177,28.903903903903906,21.096096096096097,60.78431372549019,5.88235294117647,11.76470588235294,21.56862745098039,21
m,16.666666666666668,16.666666666666668,17.829457364341085,16.666666666666668,15.116279069767442,3.8759689922480622,6.589147286821706,6.589147286821706,23.466476462196862,26.53352353780314,31.09843081312411,18.901569186875893,58.92857142857143,7.142857142857143,14.285714285714286,19.642857142857142,21
m,17.84037558685446,18.309859154929576,18.779342723004696,15.96244131455399,15.023474178403756,2.347417840375587,6.103286384976526,5.633802816901408,23.333333333333336,26.666666666666668,29.015151515151516,20.984848484848484,61.224489795918366,6.122448979591837,10.204081632653061,22.448979591836736,21
m,17.343173431734318,17.71217712177122,17.71217712177122,15.498154981549815,13.653136531365314,2.952029520295203,7.011070110701107,8.118081180811808,23.10924369747899,26.89075630252101,32.773109243697476,17.22689075630252,56.89655172413793,6.896551724137931,10.344827586206897,25.86206896551724,21
m,17.289719626168225,18.22429906542056,18.69158878504673,17.757009345794394,16.35514018691589,2.803738317757009,4.672897196261682,4.205607476635514,27.62784090909091,22.372159090909093,28.19602272727273,21.803977272727273,69.56521739130434,4.3478260869565215,10.869565217391305,15.217391304347824,21
m,18.01801801801802,18.01801801801802,18.46846846846847,15.765765765765765,15.315315315315315,2.7027027027027026,5.8558558558558556,5.8558558558558556,24.101796407185628,25.89820359281437,31.661676646706585,18.33832335329341,65.3061224489796,6.122448979591837,10.204081632653061,18.367346938775512,21
m,17.687074829931973,18.027210884353742,17.346938775510203,14.965986394557822,13.26530612244898,3.061224489795918,7.142857142857142,8.503401360544217,25.505443234836704,24.494556765163296,28.304821150855364,21.695178849144636,59.32203389830508,6.779661016949152,6.779661016949152,27.11864406779661,21
m,15.498154981549815,15.867158671586715,17.71217712177122,16.236162361623617,14.760147601476014,5.535055350553505,7.749077490774908,6.642066420664206,26.558073654390935,23.441926345609065,26.41643059490085,23.58356940509915,54.3859649122807,7.017543859649122,15.789473684210526,22.807017543859647,21
m,16.194331983805668,17.00404858299595,18.218623481781375,17.00404858299595,15.384615384615385,4.048582995951417,6.477732793522267,5.668016194331984,26.02459016393443,23.975409836065577,31.625683060109292,18.37431693989071,57.89473684210526,7.017543859649122,15.789473684210526,19.298245614035086,21
m,13.753581661891117,14.040114613180515,16.905444126074496,16.332378223495702,15.186246418338108,7.736389684813753,9.169054441260744,6.876790830945558,23.997233748271093,26.002766251728907,29.944674965421854,20.055325034578146,52.38095238095238,7.936507936507936,22.22222222222222,17.46031746031746,21
m,13.829787234042554,14.184397163120568,17.375886524822697,16.666666666666668,15.602836879432624,7.446808510638298,8.865248226950355,6.028368794326242,25.49019607843137,24.509803921568626,29.864253393665155,20.13574660633484,50.81967213114754,8.196721311475411,24.59016393442623,16.393442622950822,21
m,14.788732394366196,15.492957746478872,17.6056338028169,16.901408450704224,14.788732394366196,5.633802816901408,8.098591549295774,6.690140845070422,23.415765069551778,26.584234930448222,31.375579598145286,18.624420401854714,52.459016393442624,6.557377049180328,21.311475409836067,19.672131147540984,21
m,14.590747330960856,14.946619217081851,17.437722419928825,15.658362989323845,15.302491103202847,6.761565836298932,8.896797153024911,6.405693950177937,29.217791411042946,20.782208588957054,31.058282208588956,18.941717791411044,59.183673469387756,6.122448979591837,10.204081632653061,24.48979591836735,21
m,18.025751072961373,18.025751072961373,18.025751072961373,16.30901287553648,15.021459227467812,2.575107296137339,5.579399141630901,6.437768240343348,25.94670406732118,24.05329593267882,28.330995792426368,21.669004207573632,66.0,6.0,8.0,20.0,21
m,17.355371900826448,18.181818181818183,17.768595041322314,15.702479338842975,14.049586776859504,3.3057851239669422,6.6115702479338845,7.024793388429752,25.18628912071535,24.81371087928465,32.04172876304024,17.95827123695976,60.78431372549019,5.88235294117647,9.80392156862745,23.52941176470588,21
m,17.721518987341774,17.721518987341774,18.143459915611814,16.033755274261605,14.767932489451477,2.9535864978902953,6.329113924050633,6.329113924050633,26.416539050535985,23.583460949464012,29.09647779479326,20.903522205206738,63.26530612244898,6.122448979591837,10.204081632653061,20.408163265306122,21
m,15.35836177474403,15.699658703071673,17.4061433447099,16.040955631399317,13.993174061433448,5.119453924914676,8.532423208191126,7.849829351535837,25.274725274725274,24.725274725274726,29.90580847723705,20.09419152276295,55.35714285714286,7.142857142857143,7.142857142857143,30.357142857142858,21
m,14.826498422712932,14.826498422712932,16.7192429022082,16.403785488958988,14.511041009463721,6.309148264984227,8.517350157728707,7.886435331230284,27.588757396449704,22.411242603550296,31.878698224852073,18.12130177514793,52.459016393442624,8.196721311475411,18.0327868852459,21.311475409836067,21
m,13.333333333333332,13.703703703703702,18.51851851851852,17.037037037037035,15.925925925925926,7.4074074074074066,9.25925925925926,4.814814814814815,24.610591900311526,25.38940809968847,32.3208722741433,17.679127725856695,45.45454545454545,7.575757575757576,28.78787878787879,18.18181818181818,21
m,14.285714285714285,14.583333333333334,17.55952380952381,16.36904761904762,15.178571428571429,7.142857142857142,8.928571428571429,5.9523809523809526,24.43778110944528,25.562218890554725,33.65817091454273,16.34182908545727,53.125,7.8125,15.625,23.4375,21
m,17.435897435897434,17.94871794871795,18.46153846153846,17.435897435897434,15.897435897435896,2.564102564102564,5.128205128205128,5.128205128205128,28.451178451178453,21.54882154882155,26.262626262626263,23.73737373737374,64.44444444444444,6.666666666666667,11.11111111111111,17.77777777777778,21
m,18.253968253968253,18.65079365079365,18.253968253968253,15.079365079365079,12.698412698412698,1.5873015873015872,7.142857142857142,8.333333333333332,26.47058823529412,23.529411764705884,30.420168067226893,19.57983193277311,55.172413793103445,6.896551724137931,6.896551724137931,31.034482758620687,21
m,17.898832684824903,17.898832684824903,17.898832684824903,14.785992217898833,13.229571984435799,2.7237354085603114,7.392996108949417,8.171206225680933,26.56739811912226,23.432601880877744,27.97805642633229,22.021943573667713,56.14035087719298,7.017543859649122,7.017543859649122,29.82456140350877,21
m,17.982456140350877,17.543859649122805,17.543859649122805,16.228070175438596,14.473684210526315,2.631578947368421,6.140350877192982,7.456140350877193,25.735294117647058,24.264705882352942,28.823529411764707,21.176470588235293,57.89473684210526,10.526315789473683,10.526315789473683,21.052631578947366,21
m,50.0,0.0,0.0,0.0,50.0,0.0,0.0,0.0,0.0,50.0,25.0,25.0,33.333333333333336,33.333333333333336,16.666666666666668,16.666666666666668,21
m,17.938931297709924,17.17557251908397,17.938931297709924,15.648854961832063,12.977099236641223,1.9083969465648856,7.251908396946566,9.160305343511451,25.922953451043337,24.077046548956663,30.658105939004816,19.341894060995184,56.89655172413793,6.896551724137931,8.620689655172413,27.586206896551722,21
m,17.269076305220885,17.670682730923694,18.072289156626507,16.867469879518072,14.859437751004016,2.8112449799196786,6.024096385542169,6.42570281124498,25.073099415204677,24.92690058479532,26.827485380116958,23.17251461988304,64.15094339622641,5.660377358490566,7.547169811320755,22.641509433962263,21
m,17.4061433447099,17.747440273037544,18.088737201365188,15.017064846416384,12.286689419795223,2.3890784982935154,7.849829351535837,9.215017064846418,26.384364820846905,23.61563517915309,28.175895765472312,21.824104234527685,52.307692307692314,6.153846153846154,9.230769230769232,32.30769230769231,21
m,15.972222222222221,16.319444444444443,18.055555555555554,16.666666666666664,13.88888888888889,3.819444444444444,7.638888888888888,7.638888888888888,24.649859943977592,25.350140056022408,30.952380952380953,19.047619047619047,53.125,6.25,15.625,25.0,21
m,17.60299625468165,18.352059925093634,18.352059925093634,16.10486891385768,13.857677902621724,2.6217228464419478,6.367041198501873,6.741573033707866,25.0,25.0,31.015625,18.984375,58.064516129032256,6.451612903225806,9.677419354838708,25.806451612903224,21
m,15.789473684210526,16.917293233082706,18.045112781954884,16.541353383458645,15.789473684210526,5.263157894736842,6.7669172932330826,4.887218045112782,23.59375,26.40625,31.40625,18.59375,57.62711864406779,6.779661016949152,18.64406779661017,16.94915254237288,21
m,16.9811320754717,17.735849056603776,17.735849056603776,15.471698113207548,13.584905660377359,3.7735849056603774,7.169811320754717,7.547169811320755,25.597269624573382,24.40273037542662,32.76450511945393,17.235494880546078,55.932203389830505,6.779661016949152,10.169491525423728,27.11864406779661,21
m,17.427385892116185,18.257261410788384,17.427385892116185,15.352697095435685,14.937759336099585,4.149377593360996,6.224066390041494,6.224066390041494,24.64,25.36,30.64,19.36,64.0,6.0,10.0,20.0,21
m,18.01801801801802,18.01801801801802,18.46846846846847,16.666666666666668,13.963963963963964,1.3513513513513513,5.8558558558558556,7.657657657657658,26.040061633281972,23.959938366718028,29.66101694915254,20.338983050847457,60.78431372549019,5.88235294117647,7.8431372549019605,25.49019607843137,21
m,17.857142857142858,17.857142857142858,18.30357142857143,16.517857142857142,15.178571428571429,2.678571428571429,5.803571428571429,5.803571428571429,26.981919332406118,23.01808066759388,30.737134909596662,19.262865090403338,64.58333333333334,6.25,10.416666666666668,18.75,21
m,14.592274678111588,16.30901287553648,18.454935622317596,17.167381974248926,16.738197424892704,6.437768240343348,6.866952789699571,3.4334763948497855,27.41456166419019,22.58543833580981,25.928677563150075,24.071322436849925,57.69230769230769,5.769230769230769,23.076923076923077,13.461538461538462,21
m,15.384615384615385,15.789473684210526,17.813765182186234,16.59919028340081,14.17004048582996,4.8582995951417,8.097165991902834,7.28744939271255,25.485436893203882,24.514563106796114,30.501618122977344,19.498381877022652,52.83018867924528,7.547169811320755,13.20754716981132,26.41509433962264,21
m,18.055555555555554,17.708333333333332,18.055555555555554,14.23611111111111,12.847222222222221,2.4305555555555554,7.638888888888888,9.027777777777777,26.27388535031847,23.726114649681527,28.662420382165603,21.337579617834393,56.4516129032258,6.451612903225806,8.064516129032258,29.032258064516128,21
m,15.719063545150501,16.387959866220736,18.06020066889632,15.050167224080267,13.043478260869565,4.682274247491639,9.03010033444816,8.02675585284281,25.787106446776612,24.212893553223388,29.685157421289357,20.314842578710646,46.3768115942029,7.246376811594203,17.391304347826086,28.985507246376812,21
m,15.656565656565657,16.666666666666668,17.67676767676768,18.181818181818183,16.666666666666668,5.050505050505051,5.555555555555556,4.545454545454546,26.84729064039409,23.15270935960591,30.04926108374384,19.950738916256157,69.23076923076924,5.128205128205129,10.256410256410257,15.384615384615387,21
m,17.62589928057554,17.985611510791365,17.62589928057554,14.388489208633093,13.30935251798561,3.597122302158273,7.553956834532373,7.913669064748201,24.43438914027149,25.565610859728505,28.733031674208142,21.266968325791854,57.62711864406779,6.779661016949152,6.779661016949152,28.813559322033896,21
m,17.435897435897434,17.94871794871795,18.46153846153846,16.92307692307692,15.384615384615383,2.564102564102564,5.6410256410256405,5.6410256410256405,29.652042360060516,20.347957639939487,30.93797276853253,19.062027231467475,62.22222222222223,6.666666666666667,11.11111111111111,20.0,21
m,18.32669322709163,18.725099601593623,17.92828685258964,15.139442231075696,13.944223107569721,2.390438247011952,6.374501992031872,7.171314741035856,25.66607460035524,24.333925399644762,29.307282415630553,20.69271758436945,60.714285714285715,7.142857142857143,7.142857142857143,25.0,21
m,16.666666666666668,17.424242424242426,17.424242424242426,15.53030303030303,14.772727272727273,4.545454545454545,6.818181818181818,6.818181818181818,25.106382978723406,24.893617021276597,29.290780141843975,20.70921985815603,63.46153846153846,5.769230769230769,9.615384615384615,21.153846153846153,21
m,15.068493150684931,15.753424657534246,17.80821917808219,16.43835616438356,15.068493150684931,6.164383561643835,7.876712328767123,5.821917808219178,26.695526695526695,23.3044733044733,29.94227994227994,20.057720057720058,55.0,6.666666666666667,21.666666666666668,16.666666666666668,21
m,17.241379310344826,18.103448275862068,18.103448275862068,15.517241379310343,15.086206896551722,3.879310344827586,6.46551724137931,5.6034482758620685,27.315541601255887,22.684458398744113,28.414442700156986,21.585557299843014,62.0,6.0,12.0,20.0,21
m,13.636363636363637,14.61038961038961,17.532467532467532,16.883116883116884,15.584415584415584,7.142857142857142,8.766233766233766,5.8441558441558445,25.606060606060606,24.393939393939394,32.5,17.5,54.23728813559322,8.47457627118644,15.254237288135592,22.033898305084744,21
m,17.391304347826086,17.934782608695652,19.02173913043478,17.934782608695652,17.391304347826086,3.260869565217391,4.3478260869565215,2.717391304347826,28.26725403817915,21.732745961820854,28.928046989721,21.071953010279003,70.73170731707317,4.878048780487805,12.195121951219512,12.195121951219512,21
m,13.85135135135135,14.527027027027026,17.905405405405403,16.554054054054053,15.878378378378377,7.4324324324324325,8.783783783783784,5.0675675675675675,26.65165165165165,23.34834834834835,29.87987987987988,20.12012012012012,53.44827586206896,6.896551724137931,18.96551724137931,20.689655172413794,21
m,13.099041533546325,14.057507987220447,17.89137380191693,16.293929712460063,15.654952076677315,8.30670926517572,9.584664536741213,5.111821086261981,23.18634423897582,26.813655761024183,29.943100995732575,20.056899004267425,46.3768115942029,7.246376811594203,30.434782608695652,15.942028985507246,21
m,14.814814814814813,15.925925925925926,18.51851851851852,18.14814814814815,16.666666666666664,5.185185185185185,6.666666666666666,4.0740740740740735,28.09973045822102,21.900269541778975,30.99730458221024,19.002695417789756,57.14285714285714,6.349206349206349,22.22222222222222,14.285714285714285,21
m,15.486725663716815,16.371681415929203,18.141592920353983,15.92920353982301,14.601769911504425,4.867256637168142,7.964601769911505,6.6371681415929205,28.073394495412845,21.926605504587158,28.073394495412845,21.926605504587158,50.943396226415096,7.547169811320755,18.867924528301888,22.641509433962263,21
m,16.216216216216218,16.98841698841699,17.760617760617762,16.216216216216218,15.057915057915059,4.633204633204633,6.94980694980695,6.177606177606178,24.80680061823802,25.19319938176198,31.839258114374033,18.160741885625967,57.142857142857146,7.142857142857143,16.071428571428573,19.642857142857142,21
m,13.777777777777777,15.11111111111111,17.77777777777778,18.22222222222222,17.333333333333332,7.111111111111111,7.111111111111111,3.5555555555555554,25.495495495495494,24.504504504504503,29.0990990990991,20.9009009009009,60.0,6.666666666666667,20.0,13.333333333333334,21
m,15.636363636363637,17.09090909090909,17.454545454545453,15.272727272727273,13.818181818181818,5.454545454545455,8.0,7.272727272727273,26.993355481727576,23.006644518272427,30.14950166112957,19.850498338870434,50.81967213114754,8.196721311475411,14.754098360655739,26.229508196721312,21
m,18.0,18.5,18.5,17.0,15.5,2.0,5.0,5.5,24.921135646687695,25.0788643533123,29.100946372239747,20.89905362776025,65.21739130434783,6.521739130434782,8.695652173913043,19.565217391304348,21
m,17.110266159695815,17.870722433460074,17.110266159695815,14.82889733840304,13.307984790874524,4.182509505703422,7.224334600760455,8.365019011406844,26.704545454545453,23.295454545454547,25.81168831168831,24.18831168831169,58.8235294117647,5.88235294117647,9.80392156862745,25.49019607843137,21
m,17.692307692307693,17.692307692307693,17.30769230769231,14.615384615384617,12.692307692307693,3.076923076923077,7.6923076923076925,9.230769230769232,25.970425138632162,24.029574861367838,27.818853974121996,22.181146025878004,55.55555555555556,7.407407407407407,5.555555555555555,31.48148148148148,21
m,17.543859649122805,18.421052631578945,18.421052631578945,15.789473684210526,14.035087719298245,2.631578947368421,6.578947368421052,6.578947368421052,25.84973166368515,24.15026833631485,28.17531305903399,21.82468694096601,58.8235294117647,5.88235294117647,9.80392156862745,25.49019607843137,21
m,16.101694915254235,16.101694915254235,18.220338983050848,16.101694915254235,15.254237288135592,4.661016949152542,7.627118644067796,5.932203389830509,27.244582043343655,22.75541795665635,30.88235294117647,19.11764705882353,55.55555555555556,7.407407407407407,18.51851851851852,18.51851851851852,21
m,12.45674740484429,14.532871972318338,17.64705882352941,17.301038062283737,15.916955017301037,8.650519031141869,8.650519031141869,4.844290657439446,23.242811501597444,26.757188498402556,29.63258785942492,20.36741214057508,46.96969696969697,7.575757575757576,30.303030303030305,15.151515151515152,21
m,17.92828685258964,18.32669322709163,18.32669322709163,14.741035856573705,13.147410358565736,2.390438247011952,7.171314741035856,7.968127490039841,25.743348982785605,24.2566510172144,26.682316118935837,23.317683881064163,55.172413793103445,6.896551724137931,8.620689655172413,29.310344827586206,21
m,16.666666666666664,18.055555555555554,17.01388888888889,14.583333333333332,12.847222222222221,4.513888888888888,7.638888888888888,8.680555555555555,25.878594249201278,24.121405750798722,28.434504792332266,21.56549520766773,55.172413793103445,6.896551724137931,12.068965517241379,25.86206896551724,21
m,16.877637130801688,18.143459915611814,17.721518987341774,15.611814345991561,14.345991561181435,4.219409282700422,6.751054852320675,6.329113924050633,24.918032786885245,25.08196721311475,29.508196721311474,20.491803278688522,60.41666666666667,6.25,12.5,20.833333333333336,21
m,17.073170731707318,18.048780487804876,18.536585365853657,17.073170731707318,15.609756097560975,2.926829268292683,5.365853658536585,5.365853658536585,25.0,25.0,28.778135048231512,21.221864951768488,65.90909090909092,4.545454545454546,11.363636363636365,18.181818181818183,21
m,17.44186046511628,18.6046511627907,18.217054263565892,15.503875968992249,13.953488372093023,3.10077519379845,6.589147286821706,6.589147286821706,27.847113884555384,22.15288611544462,28.783151326053044,21.21684867394696,57.62711864406779,6.779661016949152,10.169491525423728,25.423728813559322,21
m,17.277486910994764,17.277486910994764,18.848167539267017,17.277486910994764,15.706806282722512,2.6178010471204187,5.7591623036649215,5.2356020942408374,30.9640522875817,19.035947712418302,30.637254901960784,19.362745098039216,64.28571428571429,4.761904761904762,11.904761904761905,19.047619047619047,21
m,14.285714285714285,14.935064935064934,16.558441558441558,16.233766233766232,15.25974025974026,7.467532467532467,8.441558441558442,6.818181818181818,24.767080745341612,25.232919254658384,29.6583850931677,20.341614906832298,55.172413793103445,8.620689655172413,20.689655172413794,15.517241379310343,21
m,16.176470588235293,17.15686274509804,18.627450980392155,18.137254901960784,16.666666666666664,3.9215686274509802,5.3921568627450975,3.9215686274509802,26.825396825396822,23.174603174603174,27.857142857142854,22.142857142857142,65.90909090909092,4.545454545454546,15.90909090909091,13.636363636363637,21
m,17.51824817518248,17.883211678832115,17.153284671532848,14.233576642335766,13.503649635036496,4.014598540145985,7.664233576642336,8.02919708029197,26.929133858267715,23.07086614173228,29.68503937007874,20.31496062992126,57.407407407407405,7.407407407407407,11.11111111111111,24.074074074074073,21
m,17.97752808988764,18.352059925093634,17.60299625468165,15.355805243445694,14.232209737827716,2.9962546816479403,6.367041198501873,7.116104868913858,26.26628075253256,23.733719247467437,27.93053545586107,22.069464544138928,65.38461538461539,5.769230769230769,9.615384615384615,19.23076923076923,21
m,14.285714285714286,15.126050420168067,18.067226890756302,18.067226890756302,17.647058823529413,6.722689075630252,6.722689075630252,3.361344537815126,28.07692307692308,21.923076923076923,29.53846153846154,20.461538461538463,71.42857142857143,4.761904761904762,9.523809523809524,14.285714285714285,21
m,15.418502202643172,15.859030837004404,17.621145374449338,16.299559471365637,15.859030837004404,5.726872246696035,7.488986784140969,5.726872246696035,27.874564459930316,22.125435540069688,31.09756097560976,18.902439024390244,69.23076923076924,5.128205128205129,10.256410256410257,15.384615384615387,21
m,14.285714285714285,15.476190476190474,17.46031746031746,17.063492063492063,16.26984126984127,7.142857142857142,7.5396825396825395,4.761904761904762,26.238390092879257,23.761609907120743,30.572755417956657,19.427244582043343,53.57142857142858,8.928571428571429,21.42857142857143,16.071428571428573,21
m,16.05839416058394,15.693430656934307,17.51824817518248,15.328467153284672,14.233576642335766,4.744525547445256,8.75912408759124,7.664233576642336,26.153846153846153,23.846153846153847,28.632478632478634,21.367521367521366,55.55555555555556,9.25925925925926,5.555555555555555,29.62962962962963,21
m,16.49484536082474,17.010309278350512,18.04123711340206,17.525773195876287,15.979381443298967,4.123711340206185,5.6701030927835046,5.154639175257731,25.079617834394902,24.920382165605094,30.573248407643312,19.426751592356688,65.85365853658537,4.878048780487805,12.195121951219512,17.073170731707318,21
m,16.610169491525422,17.28813559322034,16.94915254237288,14.915254237288135,12.54237288135593,4.406779661016949,8.135593220338983,9.152542372881356,24.87603305785124,25.123966942148762,32.06611570247934,17.933884297520663,54.3859649122807,7.017543859649122,12.280701754385964,26.31578947368421,21
m,14.979757085020243,15.789473684210526,18.218623481781375,16.59919028340081,14.979757085020243,5.263157894736842,8.097165991902834,6.0728744939271255,24.87091222030981,25.129087779690188,32.78829604130809,17.21170395869191,50.87719298245614,7.017543859649122,21.052631578947366,21.052631578947366,21
m,17.543859649122805,17.543859649122805,17.543859649122805,14.736842105263158,13.68421052631579,3.859649122807017,7.368421052631579,7.719298245614034,28.312302839116718,21.68769716088328,30.993690851735014,19.006309148264982,62.264150943396224,5.660377358490566,9.433962264150944,22.641509433962263,21
m,14.642857142857142,15.357142857142858,17.5,16.785714285714285,16.071428571428573,6.785714285714286,7.857142857142858,5.0,27.251184834123222,22.748815165876778,31.753554502369667,18.246445497630333,54.09836065573771,8.196721311475411,24.59016393442623,13.114754098360656,21
m,16.883116883116884,17.316017316017316,17.748917748917748,15.151515151515152,13.852813852813853,3.896103896103896,7.792207792207792,7.359307359307359,25.830258302583026,24.169741697416974,28.136531365313655,21.863468634686345,56.25000000000001,8.333333333333334,16.666666666666668,18.75,21
m,14.516129032258064,15.32258064516129,17.741935483870968,16.93548387096774,15.725806451612902,6.451612903225806,8.064516129032258,5.241935483870967,25.09090909090909,24.90909090909091,30.363636363636363,19.636363636363637,51.78571428571429,8.928571428571429,25.0,14.285714285714286,21
m,16.3265306122449,16.836734693877553,17.857142857142858,17.857142857142858,15.816326530612246,4.081632653061225,5.612244897959184,5.612244897959184,25.396825396825395,24.6031746031746,29.894179894179892,20.105820105820104,59.57446808510638,8.51063829787234,14.893617021276595,17.02127659574468,21
m,14.339622641509434,15.471698113207548,17.735849056603776,17.735849056603776,16.226415094339625,6.037735849056604,7.169811320754717,5.283018867924529,24.688473520249218,25.31152647975078,29.517133956386292,20.482866043613704,58.49056603773585,5.660377358490566,20.754716981132077,15.09433962264151,21
m,13.533834586466165,15.413533834586465,17.293233082706767,17.293233082706767,15.789473684210526,7.518796992481203,7.894736842105263,5.263157894736842,26.14213197969543,23.85786802030457,29.103214890016922,20.896785109983078,54.54545454545455,7.2727272727272725,20.0,18.18181818181818,21
m,17.727272727272727,18.18181818181818,18.18181818181818,15.909090909090908,14.545454545454545,2.727272727272727,5.909090909090909,6.818181818181818,27.933884297520663,22.06611570247934,24.545454545454547,25.454545454545457,59.61538461538462,7.6923076923076925,9.615384615384615,23.076923076923077,21
m,17.29957805907173,17.721518987341774,17.721518987341774,15.18987341772152,13.924050632911392,3.3755274261603376,7.172995780590718,7.59493670886076,25.719424460431654,24.280575539568343,26.438848920863308,23.56115107913669,57.69230769230769,7.6923076923076925,7.6923076923076925,26.923076923076923,21
m,16.0,16.400000000000002,17.6,16.8,14.4,4.0,7.2,7.6000000000000005,24.573378839590447,25.426621160409557,29.43686006825939,20.563139931740615,56.36363636363636,7.2727272727272725,12.727272727272727,23.636363636363637,21
m,17.35159817351598,17.35159817351598,18.2648401826484,15.52511415525114,14.61187214611872,3.1963470319634704,6.8493150684931505,6.8493150684931505,27.403846153846157,22.596153846153847,24.615384615384617,25.384615384615387,60.41666666666667,6.25,8.333333333333334,25.0,21
m,17.03056768558952,16.593886462882097,17.467248908296945,16.593886462882097,14.847161572052402,3.9301310043668125,6.550218340611354,6.986899563318778,24.601769911504423,25.398230088495573,29.02654867256637,20.97345132743363,63.829787234042556,6.382978723404255,8.51063829787234,21.27659574468085,21
m,17.543859649122805,17.543859649122805,17.982456140350877,15.350877192982455,14.035087719298245,3.070175438596491,7.017543859649122,7.456140350877193,25.664451827242527,24.335548172757477,30.232558139534884,19.767441860465116,59.183673469387756,6.122448979591837,10.204081632653061,24.48979591836735,21
m,16.96113074204947,16.607773851590107,16.96113074204947,15.194346289752652,13.427561837455832,4.240282685512367,7.773851590106007,8.8339222614841,23.36134453781513,26.638655462184875,30.420168067226893,19.57983193277311,63.26530612244898,6.122448979591837,8.16326530612245,22.448979591836736,21
m,16.738197424892704,17.59656652360515,17.59656652360515,16.30901287553648,14.592274678111588,3.8626609442060085,6.437768240343348,6.866952789699571,24.63054187192118,25.36945812807882,29.392446633825944,20.607553366174056,60.41666666666667,6.25,12.5,20.833333333333336,21
m,12.794612794612796,14.141414141414142,17.171717171717173,16.4983164983165,15.824915824915825,9.090909090909092,9.090909090909092,5.3872053872053876,25.413907284768214,24.58609271523179,32.20198675496689,17.798013245033115,51.78571428571429,7.142857142857143,30.357142857142858,10.714285714285715,21
m,14.285714285714285,15.037593984962406,18.045112781954884,16.917293233082706,15.413533834586465,6.390977443609022,8.270676691729323,5.639097744360902,26.904376012965965,23.095623987034035,31.442463533225283,18.557536466774717,49.2063492063492,7.936507936507936,23.809523809523807,19.047619047619047,21
m,12.449799196787149,13.654618473895582,17.269076305220885,18.072289156626507,17.670682730923694,9.236947791164658,8.032128514056225,3.6144578313253013,29.274611398963728,20.72538860103627,30.13816925734024,19.86183074265976,56.0,8.0,26.0,10.0,21
m,16.972477064220186,17.431192660550458,18.34862385321101,16.055045871559635,14.220183486238533,3.211009174311927,6.8807339449541285,6.8807339449541285,26.96245733788396,23.037542662116042,30.034129692832767,19.965870307167236,57.142857142857146,6.122448979591837,12.244897959183675,24.48979591836735,21
m,17.982456140350877,17.982456140350877,17.982456140350877,15.789473684210526,14.035087719298245,2.1929824561403506,6.578947368421052,7.456140350877193,26.17056856187291,23.82943143812709,27.842809364548494,22.157190635451506,59.61538461538462,7.6923076923076925,5.769230769230769,26.923076923076923,21
m,13.768115942028986,14.492753623188406,17.753623188405797,17.028985507246375,16.304347826086957,7.246376811594203,8.333333333333334,5.072463768115942,25.72298325722983,24.277016742770165,31.202435312024352,18.797564687975648,56.60377358490566,7.547169811320755,16.9811320754717,18.867924528301888,21
m,17.391304347826086,17.82608695652174,17.82608695652174,15.217391304347826,13.91304347826087,3.4782608695652173,6.956521739130435,7.391304347826087,25.454545454545457,24.545454545454547,31.239669421487605,18.7603305785124,59.183673469387756,6.122448979591837,10.204081632653061,24.48979591836735,21
m,16.595744680851062,17.4468085106383,17.872340425531917,15.319148936170214,14.46808510638298,4.680851063829787,7.23404255319149,6.382978723404255,28.156146179401993,21.843853820598007,29.817275747508308,20.182724252491695,58.0,6.0,12.0,24.0,21
m,17.21311475409836,17.21311475409836,18.0327868852459,16.393442622950822,14.754098360655739,3.278688524590164,6.557377049180328,6.557377049180328,28.18840579710145,21.81159420289855,30.72463768115942,19.275362318840582,59.25925925925926,7.407407407407407,12.962962962962964,20.37037037037037,21
m,16.517857142857142,17.41071428571429,17.41071428571429,16.071428571428573,14.285714285714286,4.017857142857143,6.696428571428572,7.589285714285714,27.52707581227437,22.472924187725635,28.429602888086645,21.57039711191336,59.57446808510638,6.382978723404255,10.638297872340425,23.404255319148938,21
m,18.552036199095024,19.004524886877828,18.552036199095024,14.93212669683258,14.027149321266968,1.8099547511312217,6.334841628959276,6.787330316742081,28.631051752921536,21.368948247078464,27.629382303839733,22.370617696160267,58.49056603773585,7.547169811320755,7.547169811320755,26.41509433962264,21
m,17.76649746192893,18.274111675126903,18.274111675126903,16.243654822335024,14.213197969543145,2.030456852791878,6.091370558375634,7.106598984771573,25.757575757575758,24.242424242424242,27.946127946127948,22.053872053872055,60.0,6.666666666666667,8.88888888888889,24.444444444444446,21
m,17.254901960784313,18.03921568627451,17.647058823529413,14.901960784313726,13.333333333333334,3.5294117647058822,7.450980392156863,7.8431372549019605,26.99490662139219,23.00509337860781,28.353140916808147,21.64685908319185,54.54545454545455,7.2727272727272725,10.909090909090908,27.272727272727273,21
m,17.168674698795183,17.46987951807229,17.46987951807229,14.457831325301207,12.951807228915664,3.91566265060241,7.83132530120482,8.734939759036145,29.52755905511811,20.47244094488189,32.44094488188976,17.559055118110237,59.016393442622956,4.918032786885246,9.836065573770492,26.229508196721312,21
m,18.0327868852459,18.0327868852459,18.0327868852459,15.98360655737705,14.344262295081968,2.459016393442623,6.147540983606557,6.967213114754099,25.685975609756095,24.3140243902439,29.878048780487806,20.121951219512194,63.46153846153846,5.769230769230769,7.6923076923076925,23.076923076923077,21
m,15.824915824915825,16.4983164983165,18.181818181818183,15.48821548821549,14.47811447811448,5.050505050505051,8.080808080808081,6.397306397306398,25.390625000000004,24.609375,30.208333333333336,19.791666666666668,53.96825396825397,6.349206349206349,14.285714285714285,25.396825396825395,21
m,12.944983818770226,13.915857605177992,17.15210355987055,17.79935275080906,16.181229773462782,8.090614886731391,8.414239482200648,5.501618122977346,24.72451790633609,25.275482093663914,30.647382920110193,19.352617079889807,54.23728813559322,6.779661016949152,23.728813559322035,15.254237288135592,21
m,17.12962962962963,17.59259259259259,18.055555555555557,17.12962962962963,15.74074074074074,3.240740740740741,5.555555555555555,5.555555555555555,24.216300940438874,25.78369905956113,29.62382445141066,20.376175548589345,68.18181818181819,4.545454545454546,11.363636363636365,15.90909090909091,21
m,14.347826086956522,15.217391304347826,18.26086956521739,18.26086956521739,16.956521739130434,6.08695652173913,6.956521739130435,3.9130434782608696,27.36280487804878,22.63719512195122,29.192073170731707,20.807926829268293,55.55555555555556,7.407407407407407,24.074074074074073,12.962962962962964,21
m,17.647058823529413,17.647058823529413,18.431372549019606,14.901960784313726,12.941176470588236,2.3529411764705883,7.8431372549019605,8.235294117647058,27.45786516853933,22.542134831460675,28.230337078651687,21.769662921348317,52.54237288135593,6.779661016949152,10.169491525423728,30.508474576271183,21
m,16.956521739130434,17.391304347826086,17.82608695652174,16.52173913043478,14.347826086956522,3.043478260869565,6.521739130434782,7.391304347826087,26.599063962558503,23.400936037441497,26.131045241809673,23.868954758190327,61.224489795918366,6.122448979591837,8.16326530612245,24.48979591836735,21
m,14.388489208633093,15.467625899280575,17.62589928057554,17.62589928057554,16.18705035971223,6.474820143884892,7.194244604316546,5.0359712230215825,27.54010695187166,22.459893048128343,29.411764705882355,20.58823529411765,56.66666666666667,6.666666666666667,25.0,11.666666666666668,21
m,16.53846153846154,16.53846153846154,18.076923076923077,16.53846153846154,15.0,3.8461538461538463,6.923076923076923,6.538461538461539,25.140056022408963,24.859943977591037,31.30252100840336,18.69747899159664,58.62068965517241,6.896551724137931,15.517241379310343,18.96551724137931,21
m,13.718411552346572,14.44043321299639,17.32851985559567,17.68953068592058,15.88447653429603,6.859205776173286,7.942238267148015,6.137184115523466,26.348228043143294,23.651771956856702,30.81664098613251,19.183359013867488,52.54237288135593,8.47457627118644,22.033898305084744,16.94915254237288,21
m,13.494809688581313,14.186851211072664,16.955017301038062,17.64705882352941,17.301038062283737,8.304498269896193,7.612456747404844,4.498269896193771,24.193548387096776,25.806451612903228,31.10599078341014,18.894009216589865,62.745098039215684,7.8431372549019605,19.6078431372549,9.80392156862745,21
m,17.529880478087648,17.92828685258964,18.32669322709163,15.936254980079681,14.342629482071713,3.187250996015936,6.374501992031872,6.374501992031872,29.71976401179941,20.28023598820059,27.507374631268437,22.492625368731563,58.62068965517241,6.896551724137931,10.344827586206897,24.137931034482758,21
m,17.6056338028169,17.95774647887324,16.901408450704224,14.788732394366196,13.028169014084506,3.52112676056338,7.394366197183098,8.80281690140845,26.843657817109143,23.156342182890857,29.129793510324482,20.870206489675518,58.18181818181818,7.2727272727272725,7.2727272727272725,27.272727272727273,21
m,16.23931623931624,17.52136752136752,17.94871794871795,17.094017094017094,14.957264957264957,4.273504273504273,5.982905982905983,5.982905982905983,25.256222547584187,24.743777452415813,30.087847730600295,19.91215226939971,64.58333333333334,4.166666666666667,14.583333333333334,16.666666666666668,21
m,18.218623481781375,18.218623481781375,18.62348178137652,15.789473684210526,15.384615384615385,2.834008097165992,5.668016194331984,5.263157894736842,23.68794326241135,26.312056737588655,28.652482269503547,21.347517730496456,66.0377358490566,5.660377358490566,9.433962264150944,18.867924528301888,21
m,13.333333333333334,14.545454545454547,16.96969696969697,17.87878787878788,15.757575757575758,7.575757575757576,7.878787878787879,6.0606060606060606,25.813008130081297,24.186991869918696,29.132791327913278,20.86720867208672,54.83870967741935,6.451612903225806,22.58064516129032,16.129032258064516,21
m,17.272727272727273,17.727272727272727,18.18181818181818,17.272727272727273,16.363636363636363,3.6363636363636362,5.0,4.545454545454545,26.70886075949367,23.291139240506332,30.06329113924051,19.936708860759495,72.72727272727273,4.545454545454546,11.363636363636365,11.363636363636365,21
m,15.936254980079681,15.936254980079681,17.92828685258964,15.936254980079681,14.741035856573705,4.382470119521912,7.968127490039841,7.171314741035856,27.07756232686981,22.922437673130197,28.18559556786704,21.814404432132967,60.41666666666667,6.25,6.25,27.083333333333336,21
m,15.873015873015872,16.825396825396826,17.77777777777778,16.19047619047619,13.65079365079365,4.1269841269841265,7.619047619047619,7.936507936507936,25.34504391468005,24.654956085319952,29.86198243412798,20.138017565872023,52.112676056338024,7.04225352112676,15.492957746478872,25.352112676056336,21
m,16.85823754789272,16.85823754789272,18.007662835249043,16.475095785440615,14.559386973180077,3.4482758620689657,6.8965517241379315,6.8965517241379315,24.64589235127479,25.35410764872521,29.957507082152976,20.042492917847024,58.62068965517241,6.896551724137931,13.793103448275861,20.689655172413794,21
m,15.116279069767442,15.891472868217056,17.829457364341085,18.217054263565892,16.666666666666668,5.426356589147288,6.2015503875969,4.651162790697675,24.03846153846154,25.961538461538463,30.219780219780223,19.78021978021978,63.46153846153846,5.769230769230769,17.307692307692307,13.461538461538462,21
m,15.298507462686569,16.044776119402986,18.28358208955224,17.910447761194032,15.671641791044777,4.477611940298508,6.7164179104477615,5.597014925373134,26.34207240948814,23.65792759051186,29.525593008739076,20.474406991260924,58.62068965517241,5.172413793103448,18.96551724137931,17.241379310344826,21
m,18.061674008810574,18.502202643171806,18.502202643171806,16.299559471365637,14.537444933920705,1.7621145374449338,5.726872246696035,6.607929515418502,26.170960187353632,23.82903981264637,29.27400468384075,20.725995316159253,62.745098039215684,5.88235294117647,7.8431372549019605,23.52941176470588,21
m,17.131474103585656,17.529880478087648,17.529880478087648,15.537848605577688,14.741035856573705,3.9840637450199203,6.772908366533864,6.772908366533864,28.276353276353277,21.723646723646723,28.91737891737892,21.082621082621085,64.58333333333334,6.25,12.5,16.666666666666668,21
m,17.647058823529413,18.487394957983195,17.22689075630252,15.126050420168067,14.285714285714286,3.7815126050420167,6.302521008403361,7.142857142857143,25.79365079365079,24.206349206349206,27.142857142857142,22.857142857142854,65.21739130434783,6.521739130434782,10.869565217391305,17.391304347826086,21
m,13.190184049079754,14.417177914110429,17.177914110429448,18.098159509202453,16.56441717791411,7.975460122699387,7.668711656441718,4.9079754601226995,25.969962453066334,24.03003754693367,28.598247809762203,21.401752190237797,57.14285714285714,6.349206349206349,23.809523809523807,12.698412698412698,21
m,13.109756097560975,14.329268292682926,17.378048780487806,16.76829268292683,15.548780487804878,8.231707317073171,9.146341463414634,5.48780487804878,25.514705882352942,24.485294117647058,31.98529411764706,18.014705882352942,47.82608695652174,7.246376811594203,27.536231884057973,17.391304347826086,21
m,15.765765765765765,17.117117117117118,18.46846846846847,18.01801801801802,17.117117117117118,4.954954954954955,5.405405405405405,3.1531531531531534,29.536423841059605,20.4635761589404,30.927152317880797,19.072847682119207,64.0,6.0,18.0,12.0,21
m,13.405797101449275,15.217391304347826,17.391304347826086,18.115942028985508,17.391304347826086,8.333333333333334,6.884057971014493,3.260869565217391,26.11548556430446,23.88451443569554,30.971128608923884,19.028871391076116,63.46153846153846,5.769230769230769,21.153846153846153,9.615384615384615,21
m,18.050541516245488,17.68953068592058,17.68953068592058,14.44043321299639,13.718411552346572,3.6101083032490977,7.220216606498195,7.581227436823105,27.659574468085108,22.340425531914896,30.225281602002504,19.774718397997496,61.111111111111114,7.407407407407407,9.25925925925926,22.22222222222222,21
m,13.225806451612902,15.161290322580644,18.064516129032256,18.064516129032256,16.774193548387096,7.741935483870968,7.419354838709677,3.5483870967741935,27.62619372442019,22.37380627557981,32.196452933151434,17.80354706684857,54.411764705882355,5.882352941176471,27.94117647058824,11.764705882352942,21
m,17.037037037037035,17.77777777777778,18.14814814814815,16.296296296296294,13.703703703703702,2.5925925925925926,6.666666666666666,7.777777777777778,26.466380543633765,23.53361945636624,28.254649499284696,21.74535050071531,58.62068965517241,5.172413793103448,10.344827586206897,25.86206896551724,21
m,17.194570135746606,17.194570135746606,18.099547511312217,17.194570135746606,14.93212669683258,2.7149321266968327,5.882352941176471,6.787330316742081,26.100151745068285,23.899848254931715,30.045523520485585,19.954476479514415,66.66666666666667,4.444444444444445,11.11111111111111,17.77777777777778,21
m,15.18987341772152,16.033755274261605,17.721518987341774,17.721518987341774,16.455696202531644,5.485232067510549,6.329113924050633,5.063291139240507,25.5,24.5,28.5,21.5,63.26530612244898,6.122448979591837,16.3265306122449,14.285714285714286,21
m,17.22689075630252,17.22689075630252,18.067226890756302,15.966386554621849,14.705882352941178,3.361344537815126,6.722689075630252,6.722689075630252,27.706552706552706,22.293447293447294,29.843304843304843,20.156695156695157,66.66666666666667,4.444444444444445,13.333333333333334,15.555555555555557,21
m,14.814814814814815,15.637860082304528,17.695473251028808,18.106995884773664,15.226337448559672,4.938271604938272,6.995884773662552,6.584362139917696,27.292263610315185,22.70773638968481,31.948424068767906,18.05157593123209,54.54545454545455,7.2727272727272725,20.0,18.18181818181818,21
m,17.543859649122805,17.982456140350877,17.543859649122805,15.789473684210526,13.596491228070175,2.631578947368421,6.578947368421052,8.333333333333332,25.184638109305762,24.81536189069424,29.394387001477106,20.605612998522897,66.66666666666667,4.761904761904762,9.523809523809524,19.047619047619047,21
m,13.703703703703702,14.814814814814813,17.407407407407405,17.037037037037035,15.555555555555555,7.4074074074074066,8.148148148148147,5.925925925925926,24.741506646971935,25.258493353028065,30.35450516986706,19.64549483013294,51.72413793103448,6.896551724137931,25.86206896551724,15.517241379310343,21
m,14.482758620689657,14.482758620689657,17.24137931034483,16.896551724137932,14.827586206896553,6.206896551724139,8.620689655172415,7.241379310344828,25.76219512195122,24.23780487804878,30.259146341463413,19.740853658536587,55.55555555555556,7.407407407407407,11.11111111111111,25.925925925925927,21
m,16.28787878787879,16.666666666666668,17.803030303030305,16.666666666666668,15.151515151515152,4.166666666666667,6.818181818181818,6.4393939393939394,27.042801556420237,22.95719844357977,28.98832684824903,21.011673151750976,58.62068965517241,6.896551724137931,13.793103448275861,20.689655172413794,21
m,15.770609318996415,16.129032258064516,17.921146953405017,16.487455197132615,14.695340501792115,4.659498207885305,7.526881720430107,6.810035842293907,26.177658142664875,23.82234185733513,29.946164199192467,20.053835800807537,55.73770491803279,6.557377049180328,14.754098360655739,22.950819672131146,21
m,17.2,17.6,18.0,17.2,15.200000000000001,2.8000000000000003,5.6000000000000005,6.4,26.733333333333334,23.266666666666666,29.933333333333334,20.066666666666666,68.0,4.0,10.0,18.0,21
m,18.09045226130653,18.09045226130653,19.09547738693467,18.09045226130653,17.08542713567839,1.507537688442211,4.0201005025125625,4.0201005025125625,28.837555886736215,21.162444113263785,27.57078986587183,22.429210134128166,72.72727272727273,4.545454545454546,9.090909090909092,13.636363636363637,21
m,14.229249011857707,15.019762845849803,17.786561264822133,18.18181818181818,17.391304347826086,6.719367588932807,6.719367588932807,3.952569169960474,24.186704384724187,25.813295615275813,30.33946251768034,19.66053748231966,65.95744680851064,6.382978723404255,14.893617021276595,12.76595744680851,21
m,18.18181818181818,17.727272727272727,18.636363636363637,16.363636363636363,14.545454545454545,1.8181818181818181,5.909090909090909,6.818181818181818,28.0,22.0,29.466666666666665,20.53333333333333,62.0,6.0,8.0,24.0,21
m,16.06425702811245,16.46586345381526,18.473895582329316,16.46586345381526,14.859437751004016,4.016064257028113,7.6305220883534135,6.024096385542169,25.730994152046783,24.269005847953213,29.166666666666664,20.833333333333332,53.44827586206896,6.896551724137931,17.241379310344826,22.413793103448274,21
m,17.100371747211895,17.843866171003718,17.472118959107807,15.613382899628252,13.382899628252787,3.3457249070631967,7.063197026022304,8.178438661710036,25.467625899280574,24.532374100719423,29.640287769784173,20.359712230215827,56.89655172413793,6.896551724137931,8.620689655172413,27.586206896551722,21
m,13.503649635036496,14.598540145985401,18.248175182481752,18.248175182481752,16.78832116788321,6.934306569343065,7.664233576642336,4.014598540145985,26.95945945945946,23.04054054054054,29.864864864864867,20.135135135135137,53.2258064516129,6.451612903225806,27.419354838709676,12.903225806451612,21
m,16.666666666666668,17.073170731707318,18.29268292682927,16.260162601626014,14.227642276422763,3.6585365853658534,6.9105691056910565,6.9105691056910565,26.554054054054056,23.445945945945947,29.932432432432435,20.06756756756757,57.407407407407405,5.555555555555555,12.962962962962964,24.074074074074073,21
m,15.384615384615383,16.666666666666664,18.376068376068375,17.94871794871795,16.666666666666664,5.128205128205128,5.982905982905983,3.846153846153846,29.66321243523316,20.336787564766837,31.994818652849737,18.00518134715026,61.53846153846154,5.769230769230769,19.23076923076923,13.461538461538462,21
m,17.735849056603776,17.735849056603776,17.735849056603776,15.471698113207548,14.716981132075473,3.3962264150943398,6.415094339622642,6.7924528301886795,29.42307692307692,20.576923076923077,28.397435897435894,21.602564102564102,66.0377358490566,5.660377358490566,7.547169811320755,20.754716981132077,21
m,17.92452830188679,18.39622641509434,18.867924528301888,17.92452830188679,16.50943396226415,1.8867924528301887,4.245283018867925,4.245283018867925,29.82233502538071,20.177664974619287,25.697969543147206,24.30203045685279,71.73913043478261,4.3478260869565215,8.695652173913043,15.217391304347824,21
m,14.912280701754385,15.789473684210526,18.421052631578945,17.982456140350877,16.666666666666664,5.263157894736842,6.578947368421052,4.385964912280701,28.08988764044944,21.910112359550563,30.547752808988765,19.45224719101124,58.8235294117647,5.88235294117647,21.56862745098039,13.72549019607843,21
m,17.283950617283953,17.283950617283953,18.106995884773664,17.695473251028808,15.637860082304528,2.469135802469136,5.349794238683128,6.172839506172839,30.502392344497608,19.497607655502392,24.880382775119617,25.119617224880383,69.38775510204081,4.081632653061225,8.16326530612245,18.367346938775512,21
m,17.15686274509804,18.137254901960784,18.627450980392155,18.137254901960784,16.666666666666664,2.941176470588235,4.411764705882352,3.9215686274509802,29.06824146981627,20.93175853018373,28.674540682414698,21.325459317585302,70.45454545454547,4.545454545454546,11.363636363636365,13.636363636363637,21
m,16.872427983539094,17.695473251028808,18.106995884773664,16.872427983539094,14.40329218106996,2.880658436213992,6.172839506172839,6.995884773662552,28.703703703703702,21.296296296296294,30.886243386243386,19.113756613756614,60.37735849056604,5.660377358490566,11.320754716981131,22.641509433962263,21
m,17.377049180327866,17.704918032786885,17.377049180327866,14.42622950819672,12.786885245901638,3.2786885245901636,7.868852459016393,9.180327868852459,28.493317132442282,21.506682867557714,28.371810449574724,21.628189550425272,61.111111111111114,5.555555555555555,7.407407407407407,25.925925925925927,21
m,14.007782101167315,15.17509727626459,17.898832684824903,17.898832684824903,16.342412451361866,6.614785992217899,7.392996108949417,4.669260700389105,28.42415316642121,21.575846833578794,27.319587628865982,22.68041237113402,57.69230769230769,5.769230769230769,21.153846153846153,15.384615384615385,21
m,16.585365853658537,17.5609756097561,18.536585365853657,17.5609756097561,15.121951219512194,2.926829268292683,5.853658536585366,5.853658536585366,27.892234548335974,22.107765451664026,28.6053882725832,21.394611727416798,62.22222222222223,4.444444444444445,13.333333333333334,20.0,21
m,14.718614718614718,15.584415584415584,17.316017316017316,17.316017316017316,15.584415584415584,6.0606060606060606,7.359307359307359,6.0606060606060606,28.467741935483872,21.532258064516128,31.129032258064516,18.870967741935484,54.90196078431372,7.8431372549019605,23.52941176470588,13.72549019607843,21
m,13.157894736842106,15.131578947368421,17.43421052631579,17.10526315789474,15.460526315789474,7.894736842105264,8.223684210526317,5.592105263157896,25.61327561327561,24.386724386724385,29.725829725829723,20.274170274170274,50.0,7.575757575757576,24.242424242424242,18.18181818181818,21
m,12.982456140350877,14.736842105263158,17.543859649122805,17.19298245614035,15.087719298245613,7.719298245614034,8.771929824561402,5.964912280701754,27.848101265822788,22.151898734177216,29.825949367088608,20.174050632911392,46.15384615384615,7.6923076923076925,27.692307692307693,18.461538461538463,21
m,14.803625377643504,14.803625377643504,16.61631419939577,15.105740181268882,13.89728096676737,6.948640483383685,9.667673716012084,8.157099697885196,26.697530864197528,23.30246913580247,30.864197530864196,19.1358024691358,49.2063492063492,9.523809523809524,22.22222222222222,19.047619047619047,21
m,17.6056338028169,17.6056338028169,17.25352112676056,14.788732394366196,13.028169014084506,3.169014084507042,7.394366197183098,9.154929577464788,26.736672051696285,23.263327948303715,28.75605815831987,21.24394184168013,61.53846153846154,5.769230769230769,7.6923076923076925,25.0,21
m,18.137254901960784,18.137254901960784,19.11764705882353,17.64705882352941,16.666666666666664,1.9607843137254901,4.411764705882352,3.9215686274509802,29.290780141843975,20.70921985815603,27.4468085106383,22.553191489361705,71.11111111111111,4.444444444444445,8.88888888888889,15.555555555555557,21
m,14.82889733840304,15.589353612167299,17.490494296577946,17.110266159695815,15.969581749049429,6.083650190114068,7.224334600760455,5.703422053231939,26.632801161103046,23.36719883889695,28.447024673439767,21.55297532656023,58.49056603773585,7.547169811320755,15.09433962264151,18.867924528301888,21
m,15.458937198067632,16.42512077294686,18.357487922705314,18.357487922705314,16.908212560386474,4.830917874396135,5.797101449275362,3.864734299516908,26.987767584097856,23.01223241590214,29.892966360856267,20.10703363914373,61.702127659574465,6.382978723404255,19.148936170212764,12.76595744680851,21
m,17.256637168141594,17.69911504424779,18.58407079646018,16.371681415929203,15.04424778761062,2.6548672566371683,6.1946902654867255,6.1946902654867255,27.346041055718477,22.653958944281527,25.29325513196481,24.70674486803519,60.78431372549019,5.88235294117647,11.76470588235294,21.56862745098039,21
m,17.322834645669293,17.716535433070867,17.322834645669293,15.748031496062993,13.779527559055119,3.5433070866141736,6.692913385826772,7.874015748031496,27.083333333333332,22.916666666666664,28.780864197530864,21.219135802469136,63.26530612244898,6.122448979591837,10.204081632653061,20.408163265306122,21
m,17.647058823529413,17.647058823529413,18.552036199095024,16.742081447963802,14.93212669683258,2.262443438914027,5.882352941176471,6.334841628959276,23.337856173677068,26.66214382632293,29.240162822252373,20.759837177747624,62.0,6.0,10.0,22.0,21
m,14.035087719298245,15.204678362573098,17.251461988304094,16.374269005847953,15.204678362573098,7.309941520467836,8.47953216374269,6.140350877192982,24.596774193548384,25.403225806451612,28.36021505376344,21.639784946236556,52.17391304347826,7.246376811594203,23.18840579710145,17.391304347826086,21
m,16.11842105263158,16.776315789473685,17.10526315789474,14.80263157894737,13.157894736842106,4.934210526315789,8.55263157894737,8.55263157894737,25.66096423017107,24.339035769828925,29.860031104199066,20.139968895800934,50.81967213114754,8.196721311475411,13.114754098360656,27.868852459016395,21
m,17.054263565891475,18.217054263565892,18.217054263565892,16.666666666666668,13.953488372093023,2.713178294573644,6.2015503875969,6.976744186046512,25.64655172413793,24.353448275862068,27.29885057471264,22.701149425287355,59.64912280701754,5.263157894736842,10.526315789473683,24.561403508771928,21
m,16.911764705882355,17.279411764705884,17.647058823529413,15.073529411764707,12.5,2.9411764705882355,8.088235294117649,9.558823529411764,24.08874801901743,25.911251980982566,26.703645007923928,23.29635499207607,52.54237288135593,6.779661016949152,8.47457627118644,32.20338983050847,21
m,14.229249011857707,14.624505928853754,18.57707509881423,18.57707509881423,17.391304347826086,5.928853754940711,7.1146245059288535,3.5573122529644268,27.96934865900383,22.03065134099617,31.4176245210728,18.582375478927204,55.932203389830505,6.779661016949152,25.423728813559322,11.864406779661017,21
m,13.840830449826989,14.878892733564012,17.301038062283737,17.64705882352941,16.955017301038062,7.612456747404844,7.266435986159169,4.498269896193771,26.945244956772335,23.054755043227665,31.195965417867434,18.804034582132566,60.0,7.2727272727272725,20.0,12.727272727272727,21
m,15.413533834586465,16.917293233082706,17.669172932330827,15.413533834586465,15.413533834586465,6.390977443609022,7.518796992481203,5.263157894736842,28.185907046476764,21.81409295352324,28.185907046476764,21.81409295352324,60.78431372549019,5.88235294117647,23.52941176470588,9.80392156862745,21
m,17.748917748917748,18.18181818181818,18.614718614718615,15.584415584415584,14.285714285714285,2.5974025974025974,6.4935064935064934,6.4935064935064934,28.99850523168909,21.001494768310913,28.550074738415546,21.449925261584454,59.61538461538462,5.769230769230769,9.615384615384615,25.0,21
m,17.216117216117215,17.94871794871795,17.94871794871795,15.75091575091575,13.186813186813186,2.564102564102564,6.959706959706959,8.424908424908425,24.14307004470939,25.85692995529061,25.70789865871833,24.29210134128167,55.73770491803279,6.557377049180328,9.836065573770492,27.868852459016395,21
m,17.16417910447761,17.910447761194032,18.28358208955224,15.671641791044777,13.432835820895523,2.611940298507463,7.089552238805971,7.835820895522389,26.6497461928934,23.350253807106597,30.520304568527916,19.47969543147208,56.89655172413793,5.172413793103448,10.344827586206897,27.586206896551722,21
m,17.407407407407405,17.77777777777778,17.77777777777778,16.296296296296294,13.333333333333332,2.2222222222222223,6.666666666666666,8.518518518518517,27.419354838709676,22.58064516129032,28.96213183730715,21.037868162692845,60.714285714285715,5.357142857142858,5.357142857142858,28.571428571428573,21
m,16.911764705882355,17.279411764705884,17.647058823529413,16.176470588235297,14.338235294117649,3.6764705882352944,6.61764705882353,7.352941176470589,25.100671140939596,24.899328859060404,31.409395973154364,18.59060402684564,59.64912280701754,7.017543859649122,12.280701754385964,21.052631578947366,21
m,16.33986928104575,16.666666666666668,17.647058823529413,16.33986928104575,14.379084967320262,3.9215686274509807,7.189542483660131,7.516339869281046,27.37179487179487,22.628205128205128,33.97435897435897,16.025641025641026,59.677419354838705,6.451612903225806,8.064516129032258,25.806451612903224,21
m,17.449664429530202,17.449664429530202,17.78523489932886,15.436241610738255,13.087248322147651,2.684563758389262,7.38255033557047,8.724832214765101,25.868486352357323,24.13151364764268,32.32009925558313,17.679900744416873,57.14285714285714,6.349206349206349,6.349206349206349,30.158730158730158,21
m,17.09090909090909,17.454545454545453,17.454545454545453,16.363636363636363,14.181818181818182,3.272727272727273,6.545454545454546,7.636363636363637,27.985074626865668,22.014925373134325,25.149253731343283,24.850746268656714,64.15094339622641,5.660377358490566,7.547169811320755,22.641509433962263,21
m,16.730038022813687,17.110266159695815,17.110266159695815,15.969581749049429,14.44866920152091,4.182509505703422,6.844106463878327,7.604562737642585,26.006441223832528,23.993558776167472,31.642512077294686,18.357487922705314,62.745098039215684,5.88235294117647,7.8431372549019605,23.52941176470588,21
m,14.785992217898833,15.95330739299611,18.28793774319066,17.120622568093385,15.95330739299611,5.836575875486381,7.392996108949417,4.669260700389105,25.077639751552795,24.9223602484472,29.96894409937888,20.031055900621116,54.23728813559322,6.779661016949152,22.033898305084744,16.94915254237288,21
m,18.067226890756302,18.067226890756302,18.487394957983195,15.126050420168067,13.445378151260504,2.100840336134454,7.142857142857143,7.563025210084033,25.268817204301076,24.731182795698928,25.960061443932414,24.03993855606759,55.35714285714286,7.142857142857143,8.928571428571429,28.571428571428573,21
m,14.181818181818182,14.90909090909091,17.81818181818182,16.727272727272727,16.363636363636363,7.272727272727273,8.0,4.7272727272727275,24.570982839313572,25.429017160686428,28.939157566302654,21.06084243369735,52.459016393442624,8.196721311475411,22.950819672131146,16.393442622950822,21
m,17.490494296577946,17.870722433460074,16.730038022813687,14.44866920152091,12.927756653992395,4.182509505703422,7.604562737642585,8.745247148288973,26.77364864864865,23.22635135135135,30.320945945945944,19.679054054054053,57.69230769230769,9.615384615384615,11.538461538461538,21.153846153846153,21
m,12.140575079872203,14.057507987220447,17.57188498402556,17.57188498402556,16.61341853035144,9.26517571884984,8.626198083067091,4.15335463258786,25.491679273827536,24.508320726172467,28.29046898638427,21.709531013615734,50.0,6.25,31.25,12.5,21
m,14.85148514851485,15.841584158415841,16.831683168316832,16.17161716171617,15.181518151815181,6.930693069306931,7.920792079207921,6.270627062706271,28.376436781609193,21.623563218390803,30.316091954022987,19.68390804597701,58.92857142857143,7.142857142857143,14.285714285714286,19.642857142857142,21
m,17.46031746031746,18.095238095238095,17.142857142857142,14.603174603174603,13.65079365079365,4.1269841269841265,7.301587301587301,7.619047619047619,27.5,22.5,27.794117647058826,22.205882352941178,61.01694915254237,6.779661016949152,10.169491525423728,22.033898305084744,21
m,17.5,17.857142857142858,17.5,15.0,13.571428571428571,3.5714285714285716,7.142857142857143,7.857142857142858,25.9018759018759,24.098124098124096,30.95238095238095,19.047619047619047,57.62711864406779,6.779661016949152,10.169491525423728,25.423728813559322,21
m,13.920454545454547,14.772727272727273,17.329545454545457,16.19318181818182,14.488636363636365,7.1022727272727275,9.090909090909092,7.1022727272727275,23.555555555555554,26.444444444444443,31.11111111111111,18.88888888888889,47.88732394366197,7.04225352112676,23.943661971830984,21.12676056338028,21
m,16.666666666666664,17.94871794871795,17.94871794871795,16.666666666666664,15.81196581196581,4.273504273504273,5.555555555555555,5.128205128205128,28.425655976676385,21.574344023323615,30.02915451895044,19.970845481049565,68.08510638297872,4.25531914893617,12.76595744680851,14.893617021276595,21
m,18.106995884773664,18.51851851851852,18.106995884773664,16.049382716049383,13.580246913580247,1.646090534979424,6.172839506172839,7.818930041152264,26.08695652173913,23.913043478260867,31.909937888198755,18.09006211180124,58.92857142857143,7.142857142857143,7.142857142857143,26.78571428571429,21
m,18.0,17.6,18.0,16.400000000000002,13.600000000000001,1.6,6.4,8.4,25.37212449255751,24.62787550744249,30.581867388362653,19.418132611637347,61.111111111111114,5.555555555555555,5.555555555555555,27.77777777777778,21
m,17.872340425531917,17.872340425531917,18.29787234042553,16.595744680851062,14.042553191489361,1.702127659574468,5.957446808510638,7.659574468085107,23.4525447042641,26.5474552957359,30.674002751031637,19.325997248968363,61.53846153846154,5.769230769230769,7.6923076923076925,25.0,21
m,16.50943396226415,16.9811320754717,18.39622641509434,18.39622641509434,16.50943396226415,3.30188679245283,5.188679245283019,4.716981132075472,26.300578034682083,23.69942196531792,29.33526011560694,20.664739884393065,64.58333333333334,6.25,14.583333333333334,14.583333333333334,21
m,17.18213058419244,17.18213058419244,18.213058419243985,15.807560137457045,14.43298969072165,3.436426116838488,6.872852233676976,6.872852233676976,28.643216080402006,21.356783919597987,28.077889447236178,21.92211055276382,61.66666666666667,5.0,8.333333333333334,25.0,21
m,14.199395770392748,15.407854984894259,18.12688821752266,16.918429003021146,15.407854984894259,6.042296072507552,8.157099697885196,5.740181268882175,25.207756232686982,24.79224376731302,32.40997229916898,17.590027700831026,50.666666666666664,6.666666666666666,24.0,18.666666666666664,21
m,15.107913669064747,15.827338129496402,18.345323741007192,16.18705035971223,14.74820143884892,5.39568345323741,8.273381294964029,6.115107913669064,28.201438848920862,21.798561151079134,29.35251798561151,20.647482014388487,50.79365079365079,6.349206349206349,20.634920634920633,22.22222222222222,21
m,17.68953068592058,17.68953068592058,17.68953068592058,15.16245487364621,12.99638989169675,2.5270758122743686,7.220216606498195,9.025270758122744,25.960061443932414,24.03993855606759,28.801843317972352,21.19815668202765,56.66666666666667,6.666666666666667,8.333333333333334,28.333333333333336,21
m,18.076923076923077,18.461538461538463,18.461538461538463,15.0,13.461538461538462,1.9230769230769231,6.923076923076923,7.6923076923076925,24.487004103967166,25.51299589603283,29.548563611491108,20.451436388508892,56.66666666666667,6.666666666666667,8.333333333333334,28.333333333333336,21
m,17.95918367346939,18.367346938775512,18.775510204081634,16.73469387755102,15.510204081632654,2.0408163265306123,5.3061224489795915,5.3061224489795915,29.589371980676326,20.41062801932367,27.53623188405797,22.463768115942027,65.45454545454545,5.454545454545454,9.09090909090909,20.0,21
m,17.374517374517374,17.760617760617762,18.146718146718147,16.98841698841699,13.8996138996139,1.9305019305019306,6.177606177606178,7.722007722007723,26.089918256130794,23.910081743869213,29.76839237057221,20.231607629427796,60.714285714285715,5.357142857142858,8.928571428571429,25.0,21
m,17.472118959107807,18.215613382899626,18.587360594795538,16.728624535315983,14.49814126394052,2.2304832713754648,5.947955390334572,6.319702602230483,24.488567990373042,25.511432009626954,30.9265944645006,19.073405535499397,61.66666666666667,5.0,10.0,23.333333333333336,21
m,17.437722419928825,17.793594306049823,17.793594306049823,15.302491103202847,13.523131672597865,2.8469750889679717,7.117437722419929,8.185053380782918,26.635514018691588,23.36448598130841,29.372496662216285,20.62750333778371,58.333333333333336,6.666666666666667,6.666666666666667,28.333333333333336,21
m,17.133956386292834,17.445482866043612,17.133956386292834,14.641744548286603,13.084112149532709,3.7383177570093453,7.78816199376947,9.034267912772584,26.71503957783641,23.28496042216359,30.145118733509236,19.854881266490764,64.81481481481481,5.555555555555555,9.25925925925926,20.37037037037037,21
m,17.62820512820513,17.94871794871795,18.26923076923077,16.346153846153847,14.423076923076925,2.5641025641025643,6.08974358974359,6.730769230769232,27.294685990338163,22.705314009661834,27.294685990338163,22.705314009661834,65.07936507936508,4.761904761904762,9.523809523809524,20.634920634920633,21
m,14.598540145985401,15.328467153284672,17.51824817518248,17.51824817518248,16.78832116788321,6.569343065693431,6.934306569343065,4.744525547445256,27.434842249657066,22.565157750342937,30.315500685871058,19.684499314128946,66.0,6.0,14.0,14.0,21
m,16.31578947368421,16.31578947368421,17.36842105263158,17.36842105263158,17.36842105263158,5.263157894736842,5.789473684210526,4.2105263157894735,29.417122040072858,20.58287795992714,26.684881602914388,23.31511839708561,67.5,10.0,7.5,15.0,21
m,18.061674008810574,18.061674008810574,18.502202643171806,16.740088105726873,14.537444933920705,1.7621145374449338,5.726872246696035,6.607929515418502,26.246105919003114,23.753894080996883,30.763239875389406,19.23676012461059,62.745098039215684,5.88235294117647,7.8431372549019605,23.52941176470588,21
m,18.57707509881423,18.18181818181818,18.57707509881423,15.019762845849803,13.043478260869565,1.5810276679841897,7.1146245059288535,7.905138339920948,27.918781725888323,22.081218274111674,28.59560067681895,21.40439932318105,55.932203389830505,6.779661016949152,6.779661016949152,30.508474576271183,21
m,17.898832684824903,18.28793774319066,18.28793774319066,15.56420233463035,12.84046692607004,1.556420233463035,7.003891050583658,8.560311284046692,26.09001406469761,23.90998593530239,31.50492264416315,18.495077355836848,55.0,6.666666666666667,8.333333333333334,30.0,21
m,17.142857142857142,17.551020408163264,17.142857142857142,15.918367346938776,14.285714285714286,3.673469387755102,6.530612244897959,7.755102040816327,25.923190546528804,24.0768094534712,28.655834564254064,21.34416543574594,63.26530612244898,6.122448979591837,8.16326530612245,22.448979591836736,21
m,17.857142857142858,16.964285714285715,18.75,16.517857142857142,14.285714285714286,1.7857142857142858,6.696428571428572,7.142857142857143,27.326440177252586,22.673559822747418,28.286558345642543,21.71344165435746,58.8235294117647,5.88235294117647,9.80392156862745,25.49019607843137,21
m,17.30769230769231,16.923076923076923,17.30769230769231,15.384615384615385,13.461538461538462,3.4615384615384617,7.307692307692308,8.846153846153847,27.77777777777778,22.22222222222222,25.81699346405229,24.18300653594771,60.78431372549019,5.88235294117647,7.8431372549019605,25.49019607843137,21
m,14.930555555555555,15.625,17.708333333333332,16.666666666666664,14.930555555555555,5.555555555555555,7.986111111111111,6.597222222222222,25.070621468926554,24.929378531073446,31.285310734463277,18.714689265536723,51.5625,7.8125,21.875,18.75,21
m,17.537313432835823,18.28358208955224,17.537313432835823,15.298507462686569,12.686567164179106,2.611940298507463,7.089552238805971,8.955223880597016,25.142450142450144,24.85754985754986,29.772079772079774,20.22792022792023,57.142857142857146,7.142857142857143,8.928571428571429,26.78571428571429,21
m,17.24137931034483,17.624521072796934,18.007662835249043,16.85823754789272,13.409961685823756,1.9157088122605366,6.513409961685824,8.42911877394636,25.18796992481203,24.81203007518797,30.902255639097742,19.097744360902254,58.92857142857143,5.357142857142858,8.928571428571429,26.78571428571429,21
m,16.972477064220186,17.889908256880734,18.34862385321101,17.889908256880734,15.59633027522936,2.7522935779816518,5.045871559633028,5.5045871559633035,27.777777777777775,22.22222222222222,31.67388167388167,18.326118326118326,67.39130434782608,4.3478260869565215,10.869565217391305,17.391304347826086,21
m,15.936254980079681,16.733067729083665,17.92828685258964,17.529880478087648,15.139442231075696,3.9840637450199203,6.374501992031872,6.374501992031872,26.818181818181817,23.18181818181818,31.49350649350649,18.506493506493506,57.89473684210526,7.017543859649122,15.789473684210526,19.298245614035086,21
m,17.283950617283953,17.283950617283953,18.106995884773664,15.226337448559672,13.991769547325104,3.292181069958848,7.407407407407407,7.407407407407407,25.458392101551482,24.541607898448518,28.561354019746123,21.43864598025388,58.0,6.0,12.0,24.0,21
m,17.647058823529413,18.431372549019606,18.431372549019606,15.686274509803921,13.72549019607843,2.3529411764705883,6.666666666666667,7.0588235294117645,25.50077041602465,24.499229583975346,29.198767334360554,20.801232665639443,58.92857142857143,5.357142857142858,8.928571428571429,26.78571428571429,21
m,17.09090909090909,17.454545454545453,17.454545454545453,15.636363636363637,13.090909090909092,2.909090909090909,7.272727272727273,9.090909090909092,25.840336134453782,24.159663865546218,26.96078431372549,23.03921568627451,55.932203389830505,6.779661016949152,8.47457627118644,28.813559322033896,21
m,15.813953488372093,16.27906976744186,18.6046511627907,18.6046511627907,17.209302325581394,4.186046511627907,5.5813953488372094,3.7209302325581395,26.0,24.0,30.137931034482758,19.862068965517242,63.26530612244898,6.122448979591837,18.367346938775512,12.244897959183675,21
m,17.647058823529413,17.647058823529413,18.487394957983195,15.966386554621849,13.865546218487395,2.100840336134454,6.722689075630252,7.563025210084033,25.75957727873184,24.240422721268168,28.533685601056806,21.466314398943197,58.49056603773585,5.660377358490566,9.433962264150944,26.41509433962264,21
m,16.845878136200717,17.204301075268816,18.27956989247312,15.412186379928315,13.261648745519713,3.225806451612903,7.885304659498208,7.885304659498208,28.06324110671937,21.936758893280633,29.314888010540187,20.685111989459816,52.38095238095238,6.349206349206349,12.698412698412698,28.57142857142857,21
m,17.21311475409836,18.442622950819672,18.0327868852459,15.573770491803279,13.934426229508198,3.278688524590164,6.557377049180328,6.967213114754099,28.48189415041783,21.518105849582174,25.62674094707521,24.37325905292479,57.142857142857146,7.142857142857143,10.714285714285715,25.0,21
m,16.591928251121075,16.143497757847534,18.385650224215247,17.04035874439462,15.24663677130045,3.1390134529147984,6.726457399103139,6.726457399103139,27.637444279346212,22.362555720653788,29.420505200594352,20.579494799405648,59.183673469387756,6.122448979591837,14.285714285714286,20.408163265306122,21
m,17.647058823529413,18.067226890756302,18.067226890756302,15.126050420168067,13.445378151260504,2.5210084033613445,7.142857142857143,7.983193277310924,28.591954022988503,21.408045977011493,29.454022988505745,20.54597701149425,67.44186046511628,4.651162790697675,11.627906976744187,16.27906976744186,21
m,17.829457364341085,17.44186046511628,18.217054263565892,15.891472868217056,13.565891472868218,1.9379844961240311,6.976744186046512,8.13953488372093,26.406649616368288,23.593350383631716,28.260869565217394,21.73913043478261,60.0,5.454545454545454,9.09090909090909,25.454545454545453,21
m,14.785992217898833,15.95330739299611,17.898832684824903,17.898832684824903,16.342412451361866,5.836575875486381,6.614785992217899,4.669260700389105,27.05248990578735,22.947510094212653,29.475100942126517,20.524899057873487,62.745098039215684,5.88235294117647,15.686274509803921,15.686274509803921,21
m,17.59656652360515,18.025751072961373,18.025751072961373,15.879828326180258,14.163090128755366,2.575107296137339,6.437768240343348,7.296137339055794,26.271186440677965,23.72881355932203,28.736517719568564,21.263482280431433,60.78431372549019,5.88235294117647,7.8431372549019605,25.49019607843137,21
m,17.5,17.916666666666668,18.333333333333336,16.25,14.166666666666668,2.5,6.25,7.083333333333334,27.44360902255639,22.55639097744361,30.225563909774433,19.774436090225564,60.37735849056604,5.660377358490566,9.433962264150944,24.528301886792452,21
m,17.695473251028808,17.695473251028808,18.51851851851852,16.46090534979424,14.40329218106996,2.05761316872428,6.172839506172839,6.995884773662552,29.193758127438233,20.80624187256177,30.754226267880366,19.245773732119638,61.111111111111114,5.555555555555555,9.25925925925926,24.074074074074073,21
m,15.277777777777777,15.625,17.708333333333332,16.666666666666664,14.23611111111111,4.861111111111111,7.986111111111111,7.638888888888888,27.700127064803052,22.29987293519695,32.909783989834814,17.090216010165186,53.2258064516129,6.451612903225806,19.354838709677416,20.96774193548387,21
